[
  {"name": ".308 Winchester", "muzzleVelocity": 2800, "ballisticCoefficient": 0.435, "bulletWeight": 168},
  {"name": ".223 Remington", "muzzleVelocity": 3200, "ballisticCoefficient": 0.255, "bulletWeight": 55},
  {"name": "6.5 Creedmoor", "muzzleVelocity": 2900, "ballisticCoefficient": 0.585, "bulletWeight": 140},
  {"name": ".30-06 Springfield", "muzzleVelocity": 2700, "ballisticCoefficient": 0.409, "bulletWeight": 180},
  {"name": ".243 Winchester", "muzzleVelocity": 3100, "ballisticCoefficient": 0.329, "bulletWeight": 100},
  {"name": ".270 Winchester", "muzzleVelocity": 3050, "ballisticCoefficient": 0.482, "bulletWeight": 130},
  {"name": "7mm Remington Magnum", "muzzleVelocity": 3000, "ballisticCoefficient": 0.533, "bulletWeight": 150},
  {"name": ".300 Winchester Magnum", "muzzleVelocity": 2900, "ballisticCoefficient": 0.610, "bulletWeight": 200},
  {"name": ".338 Lapua Magnum", "muzzleVelocity": 2800, "ballisticCoefficient": 0.735, "bulletWeight": 250},
  {"name": "5.56 NATO", "muzzleVelocity": 3100, "ballisticCoefficient": 0.304, "bulletWeight": 62},
  {"name": ".45-70 Government", "muzzleVelocity": 1800, "ballisticCoefficient": 0.290, "bulletWeight": 405},
  {"name": ".22 Long Rifle", "muzzleVelocity": 1200, "ballisticCoefficient": 0.125, "bulletWeight": 40},
  {"name": ".17 HMR", "muzzleVelocity": 2550, "ballisticCoefficient": 0.125, "bulletWeight": 17},
  {"name": "9mm Parabellum", "muzzleVelocity": 1200, "ballisticCoefficient": 0.165, "bulletWeight": 124},
  {"name": ".44 Magnum", "muzzleVelocity": 1400, "ballisticCoefficient": 0.210, "bulletWeight": 240},
  {"name": ".50 BMG", "muzzleVelocity": 2800, "ballisticCoefficient": 1.050, "bulletWeight": 750}
]